{
    "conv1_bottom": {
        "alpha": 0.005746156442910433,
        "zero_point": 0.0,
        "bit": 8,
        "type": "symmetric"
    },
    "conv1_param_1": {
        "alpha": 0.005165047477930784,
        "zero_point": 0.0,
        "bit": 8,
        "type": "symmetric"
    },
    "conv1_top": {
        "alpha": 0.007245009299367666,
        "zero_point": 0.0,
        "bit": 8,
        "type": "symmetric"
    },
    "conv1_param_2": {
        "alpha": 2.9679170843250257e-05,
        "zero_point": 0.0,
        "bit": 32,
        "type": "symmetric"
    }
}
